{
    "name": "root",
    "gauges": {
        "Player.Policy.Entropy.mean": {
            "value": 0.8904796838760376,
            "min": 0.8904796838760376,
            "max": 1.3354003429412842,
            "count": 10
        },
        "Player.Policy.Entropy.sum": {
            "value": 44548.02734375,
            "min": 44548.02734375,
            "max": 66776.6953125,
            "count": 10
        },
        "Player.Step.mean": {
            "value": 499974.0,
            "min": 49941.0,
            "max": 499974.0,
            "count": 10
        },
        "Player.Step.sum": {
            "value": 499974.0,
            "min": 49941.0,
            "max": 499974.0,
            "count": 10
        },
        "Player.Policy.ExtrinsicValueEstimate.mean": {
            "value": 1.4275734424591064,
            "min": 0.4109509587287903,
            "max": 1.5083569288253784,
            "count": 10
        },
        "Player.Policy.ExtrinsicValueEstimate.sum": {
            "value": 1134.9208984375,
            "min": 330.8155212402344,
            "max": 1193.1103515625,
            "count": 10
        },
        "Player.Policy.GailValueEstimate.mean": {
            "value": 38.912498474121094,
            "min": 12.87796401977539,
            "max": 41.01353454589844,
            "count": 10
        },
        "Player.Policy.GailValueEstimate.sum": {
            "value": 30935.435546875,
            "min": 10366.7607421875,
            "max": 32728.80078125,
            "count": 10
        },
        "Player.Environment.EpisodeLength.mean": {
            "value": 1903.423076923077,
            "min": 1054.7659574468084,
            "max": 2129.8260869565215,
            "count": 10
        },
        "Player.Environment.EpisodeLength.sum": {
            "value": 49489.0,
            "min": 47998.0,
            "max": 51954.0,
            "count": 10
        },
        "Player.Environment.CumulativeReward.mean": {
            "value": 26.925925925925927,
            "min": 11.297872340425531,
            "max": 30.434782608695652,
            "count": 10
        },
        "Player.Environment.CumulativeReward.sum": {
            "value": 727.0,
            "min": 531.0,
            "max": 730.0,
            "count": 10
        },
        "Player.Policy.ExtrinsicReward.mean": {
            "value": 26.925925925925927,
            "min": 11.297872340425531,
            "max": 30.434782608695652,
            "count": 10
        },
        "Player.Policy.ExtrinsicReward.sum": {
            "value": 727.0,
            "min": 531.0,
            "max": 730.0,
            "count": 10
        },
        "Player.Policy.GailReward.mean": {
            "value": 793.323826553369,
            "min": 700.3837816765968,
            "max": 1157.165985274574,
            "count": 10
        },
        "Player.Policy.GailReward.sum": {
            "value": 21419.743316940963,
            "min": 19202.815472781658,
            "max": 32918.03773880005,
            "count": 10
        },
        "Player.Losses.PolicyLoss.mean": {
            "value": 0.020516617460719623,
            "min": 0.020516617460719623,
            "max": 0.02477894878538791,
            "count": 10
        },
        "Player.Losses.PolicyLoss.sum": {
            "value": 0.10258308730359811,
            "min": 0.08434670024726074,
            "max": 0.12389474392693955,
            "count": 10
        },
        "Player.Losses.ValueLoss.mean": {
            "value": 3.519373815854391,
            "min": 3.2639279309908553,
            "max": 14.784517949819566,
            "count": 10
        },
        "Player.Losses.ValueLoss.sum": {
            "value": 17.596869079271954,
            "min": 15.89488536119461,
            "max": 59.138071799278265,
            "count": 10
        },
        "Player.Policy.LearningRate.mean": {
            "value": 1.6484134505320002e-05,
            "min": 1.6484134505320002e-05,
            "max": 0.00028459305513565,
            "count": 10
        },
        "Player.Policy.LearningRate.sum": {
            "value": 8.242067252660002e-05,
            "min": 8.242067252660002e-05,
            "max": 0.0012843678718773995,
            "count": 10
        },
        "Player.Policy.Epsilon.mean": {
            "value": 0.10549467999999998,
            "min": 0.10549467999999998,
            "max": 0.19486434999999996,
            "count": 10
        },
        "Player.Policy.Epsilon.sum": {
            "value": 0.5274733999999999,
            "min": 0.5000894,
            "max": 0.9281225999999998,
            "count": 10
        },
        "Player.Policy.Beta.mean": {
            "value": 0.0002841845320000001,
            "min": 0.0002841845320000001,
            "max": 0.004743731065000001,
            "count": 10
        },
        "Player.Policy.Beta.sum": {
            "value": 0.0014209226600000004,
            "min": 0.0014209226600000004,
            "max": 0.021413317739999996,
            "count": 10
        },
        "Player.Policy.GAILPolicyEstimate.mean": {
            "value": 0.319565509557724,
            "min": 0.319565509557724,
            "max": 0.4535323463380337,
            "count": 10
        },
        "Player.Policy.GAILPolicyEstimate.sum": {
            "value": 1.59782754778862,
            "min": 1.3120627651611965,
            "max": 1.982390296459198,
            "count": 10
        },
        "Player.Policy.GAILExpertEstimate.mean": {
            "value": 0.6451320866743724,
            "min": 0.5163918875157834,
            "max": 0.645742790301641,
            "count": 10
        },
        "Player.Policy.GAILExpertEstimate.sum": {
            "value": 3.225660433371862,
            "min": 2.0655675500631334,
            "max": 3.2287139515082046,
            "count": 10
        },
        "Player.Losses.GAILLoss.mean": {
            "value": 0.8948264888922374,
            "min": 0.8948264888922374,
            "max": 1.3980874449014662,
            "count": 10
        },
        "Player.Losses.GAILLoss.sum": {
            "value": 4.474132444461187,
            "min": 3.648051071166992,
            "max": 5.592349779605865,
            "count": 10
        },
        "Player.Policy.GAILGradMagLoss.mean": {
            "value": 0.22349129637082416,
            "min": 0.21242538616061213,
            "max": 3.6024972828725974,
            "count": 10
        },
        "Player.Policy.GAILGradMagLoss.sum": {
            "value": 1.1174564818541208,
            "min": 0.8497015446424485,
            "max": 14.40998913149039,
            "count": 10
        },
        "Player.Losses.PretrainingLoss.mean": {
            "value": 0.27075061331090244,
            "min": 0.27075061331090244,
            "max": 0.35105250709245295,
            "count": 10
        },
        "Player.Losses.PretrainingLoss.sum": {
            "value": 1.353753066554512,
            "min": 1.1072079160369137,
            "max": 1.5391895733133625,
            "count": 10
        },
        "Player.IsTraining.mean": {
            "value": 1.0,
            "min": 1.0,
            "max": 1.0,
            "count": 10
        },
        "Player.IsTraining.sum": {
            "value": 1.0,
            "min": 1.0,
            "max": 1.0,
            "count": 10
        }
    },
    "metadata": {
        "timer_format_version": "0.1.0",
        "start_time_seconds": "1680613841",
        "python_version": "3.9.13 (tags/v3.9.13:6de2ca5, May 17 2022, 16:36:42) [MSC v.1929 64 bit (AMD64)]",
        "command_line_arguments": "C:\\Users\\User\\Documents\\Code\\Asteroids\\ML-Agents-Environment\\Scripts\\mlagents-learn config/Imitation.yaml --run-id=Imitation",
        "mlagents_version": "0.30.0",
        "mlagents_envs_version": "0.30.0",
        "communication_protocol_version": "1.5.0",
        "pytorch_version": "1.7.1+cu110",
        "numpy_version": "1.21.2",
        "end_time_seconds": "1680618303"
    },
    "total": 4461.1486626999995,
    "count": 1,