{
    "name": "root",
    "gauges": {
        "Asteroids.Policy.Entropy.mean": {
            "value": 0.9131986498832703,
            "min": 0.9131986498832703,
            "max": 1.394595742225647,
            "count": 10
        },
        "Asteroids.Policy.Entropy.sum": {
            "value": 45684.58984375,
            "min": 45684.58984375,
            "max": 69736.7578125,
            "count": 10
        },
        "Asteroids.Step.mean": {
            "value": 499983.0,
            "min": 49941.0,
            "max": 499983.0,
            "count": 10
        },
        "Asteroids.Step.sum": {
            "value": 499983.0,
            "min": 49941.0,
            "max": 499983.0,
            "count": 10
        },
        "Asteroids.Policy.ExtrinsicValueEstimate.mean": {
            "value": 0.5444351434707642,
            "min": -0.3135465681552887,
            "max": 0.5613296031951904,
            "count": 10
        },
        "Asteroids.Policy.ExtrinsicValueEstimate.sum": {
            "value": 433.914794921875,
            "min": -249.8966064453125,
            "max": 448.5023498535156,
            "count": 10
        },
        "Asteroids.Policy.GailValueEstimate.mean": {
            "value": 52.611331939697266,
            "min": 14.357102394104004,
            "max": 52.611331939697266,
            "count": 10
        },
        "Asteroids.Policy.GailValueEstimate.sum": {
            "value": 41931.23046875,
            "min": 11442.6103515625,
            "max": 41931.23046875,
            "count": 10
        },
        "Asteroids.Environment.EpisodeLength.mean": {
            "value": 1421.878787878788,
            "min": 1383.4444444444443,
            "max": 1558.121212121212,
            "count": 10
        },
        "Asteroids.Environment.EpisodeLength.sum": {
            "value": 46922.0,
            "min": 46922.0,
            "max": 51418.0,
            "count": 10
        },
        "Asteroids.Environment.CumulativeReward.mean": {
            "value": 6.7303027420332935,
            "min": 6.7303027420332935,
            "max": 10.4212117326079,
            "count": 10
        },
        "Asteroids.Environment.CumulativeReward.sum": {
            "value": 222.0999904870987,
            "min": 222.0999904870987,
            "max": 343.8999871760607,
            "count": 10
        },
        "Asteroids.Policy.ExtrinsicReward.mean": {
            "value": 6.7303027420332935,
            "min": 6.7303027420332935,
            "max": 10.4212117326079,
            "count": 10
        },
        "Asteroids.Policy.ExtrinsicReward.sum": {
            "value": 222.0999904870987,
            "min": 222.0999904870987,
            "max": 343.8999871760607,
            "count": 10
        },
        "Asteroids.Policy.GailReward.mean": {
            "value": 794.2234972715378,
            "min": 736.2385493306552,
            "max": 973.3094077995329,
            "count": 10
        },
        "Asteroids.Policy.GailReward.sum": {
            "value": 26209.375409960747,
            "min": 25032.11067724228,
            "max": 32119.210457384586,
            "count": 10
        },
        "Asteroids.Losses.PolicyLoss.mean": {
            "value": 0.024664103348574523,
            "min": 0.02098873101155429,
            "max": 0.025655515518228644,
            "count": 10
        },
        "Asteroids.Losses.PolicyLoss.sum": {
            "value": 0.12332051674287262,
            "min": 0.08395492404621716,
            "max": 0.12827757759114322,
            "count": 10
        },
        "Asteroids.Losses.ValueLoss.mean": {
            "value": 14.676785780588787,
            "min": 10.55690839767456,
            "max": 18.353998823960623,
            "count": 10
        },
        "Asteroids.Losses.ValueLoss.sum": {
            "value": 73.38392890294394,
            "min": 52.7845419883728,
            "max": 73.41599529584249,
            "count": 10
        },
        "Asteroids.Policy.LearningRate.mean": {
            "value": 1.6435894521400007e-05,
            "min": 1.6435894521400007e-05,
            "max": 0.00028457895514034996,
            "count": 10
        },
        "Asteroids.Policy.LearningRate.sum": {
            "value": 8.217947260700004e-05,
            "min": 8.217947260700004e-05,
            "max": 0.0012841776719408,
            "count": 10
        },
        "Asteroids.Policy.Epsilon.mean": {
            "value": 0.1054786,
            "min": 0.1054786,
            "max": 0.19485965000000002,
            "count": 10
        },
        "Asteroids.Policy.Epsilon.sum": {
            "value": 0.527393,
            "min": 0.5000382000000001,
            "max": 0.9280591999999999,
            "count": 10
        },
        "Asteroids.Policy.Beta.mean": {
            "value": 0.0002833821400000002,
            "min": 0.0002833821400000002,
            "max": 0.004743496535,
            "count": 10
        },
        "Asteroids.Policy.Beta.sum": {
            "value": 0.0014169107000000008,
            "min": 0.0014169107000000008,
            "max": 0.02141015408,
            "count": 10
        },
        "Asteroids.Policy.GAILPolicyEstimate.mean": {
            "value": 0.39306610504786177,
            "min": 0.37731913566589353,
            "max": 0.4431494618455569,
            "count": 10
        },
        "Asteroids.Policy.GAILPolicyEstimate.sum": {
            "value": 1.9653305252393087,
            "min": 1.5623343616724015,
            "max": 1.9731374800205232,
            "count": 10
        },
        "Asteroids.Policy.GAILExpertEstimate.mean": {
            "value": 0.6176325074831646,
            "min": 0.5437512422601382,
            "max": 0.6209653512636819,
            "count": 10
        },
        "Asteroids.Policy.GAILExpertEstimate.sum": {
            "value": 3.0881625374158226,
            "min": 2.1750049690405526,
            "max": 3.1048267563184098,
            "count": 10
        },
        "Asteroids.Losses.GAILLoss.mean": {
            "value": 1.060385192632675,
            "min": 1.035378382205963,
            "max": 1.3126079668601354,
            "count": 10
        },
        "Asteroids.Losses.GAILLoss.sum": {
            "value": 5.3019259631633755,
            "min": 4.254695596297582,
            "max": 5.579490888118745,
            "count": 10
        },
        "Asteroids.Policy.GAILGradMagLoss.mean": {
            "value": 0.2586749413609505,
            "min": 0.2586749413609505,
            "max": 3.832101445645094,
            "count": 10
        },
        "Asteroids.Policy.GAILGradMagLoss.sum": {
            "value": 1.2933747068047523,
            "min": 1.113844075302283,
            "max": 15.328405782580376,
            "count": 10
        },
        "Asteroids.Losses.PretrainingLoss.mean": {
            "value": 0.24847289065724792,
            "min": 0.24847289065724792,
            "max": 0.3491638212679178,
            "count": 10
        },
        "Asteroids.Losses.PretrainingLoss.sum": {
            "value": 1.2423644532862397,
            "min": 1.0515654144930267,
            "max": 1.6157903788016017,
            "count": 10
        },
        "Asteroids.IsTraining.mean": {
            "value": 1.0,
            "min": 1.0,
            "max": 1.0,
            "count": 10
        },
        "Asteroids.IsTraining.sum": {
            "value": 1.0,
            "min": 1.0,
            "max": 1.0,
            "count": 10
        }
    },
    "metadata": {
        "timer_format_version": "0.1.0",
        "start_time_seconds": "1772067103",
        "python_version": "3.10.12 (main, Jul 26 2023, 12:00:51) [MSC v.1929 64 bit (AMD64)]",
        "command_line_arguments": "C:\\Users\\User\\Documents\\Code\\Asteroids\\.venv\\Scripts\\mlagents-learn imitation.yaml",
        "mlagents_version": "1.1.0",
        "mlagents_envs_version": "1.1.0",
        "communication_protocol_version": "1.5.0",
        "pytorch_version": "2.2.2+cu121",
        "numpy_version": "1.23.5",