{
    "name": "root",
    "gauges": {
        "Player.Policy.Entropy.mean": {
            "value": 2.307746410369873,
            "min": 2.13315749168396,
            "max": 2.4628398418426514,
            "count": 60
        },
        "Player.Policy.Entropy.sum": {
            "value": 115389.625,
            "min": 106630.1484375,
            "max": 123156.765625,
            "count": 60
        },
        "Player.Step.mean": {
            "value": 2999973.0,
            "min": 49952.0,
            "max": 2999973.0,
            "count": 60
        },
        "Player.Step.sum": {
            "value": 2999973.0,
            "min": 49952.0,
            "max": 2999973.0,
            "count": 60
        },
        "Player.Policy.ExtrinsicValueEstimate.mean": {
            "value": 0.554833710193634,
            "min": 0.07409617304801941,
            "max": 0.8610107898712158,
            "count": 60
        },
        "Player.Policy.ExtrinsicValueEstimate.sum": {
            "value": 453.8539733886719,
            "min": 61.79621124267578,
            "max": 687.9476318359375,
            "count": 60
        },
        "Player.Environment.EpisodeLength.mean": {
            "value": 708.6478873239437,
            "min": 408.8943089430894,
            "max": 1595.21875,
            "count": 60
        },
        "Player.Environment.EpisodeLength.sum": {
            "value": 50314.0,
            "min": 48625.0,
            "max": 51412.0,
            "count": 60
        },
        "Player.Environment.CumulativeReward.mean": {
            "value": 4.323943661971831,
            "min": 0.9508196721311475,
            "max": 14.09375,
            "count": 60
        },
        "Player.Environment.CumulativeReward.sum": {
            "value": 307.0,
            "min": 116.0,
            "max": 475.0,
            "count": 60
        },
        "Player.Policy.ExtrinsicReward.mean": {
            "value": 4.323943661971831,
            "min": 0.9508196721311475,
            "max": 14.09375,
            "count": 60
        },
        "Player.Policy.ExtrinsicReward.sum": {
            "value": 307.0,
            "min": 116.0,
            "max": 475.0,
            "count": 60
        },
        "Player.Losses.PolicyLoss.mean": {
            "value": 0.024829876227819722,
            "min": 0.02081027125732362,
            "max": 0.02704288572325216,
            "count": 60
        },
        "Player.Losses.PolicyLoss.sum": {
            "value": 0.12414938113909861,
            "min": 0.08324108502929448,
            "max": 0.1352144286162608,
            "count": 60
        },
        "Player.Losses.ValueLoss.mean": {
            "value": 0.04981332622468472,
            "min": 0.017645975251992546,
            "max": 0.07252303982774416,
            "count": 60
        },
        "Player.Losses.ValueLoss.sum": {
            "value": 0.2490666311234236,
            "min": 0.08822987625996273,
            "max": 0.3338522014518579,
            "count": 60
        },
        "Player.Policy.LearningRate.mean": {
            "value": 2.1406992864666676e-06,
            "min": 2.1406992864666676e-06,
            "max": 0.00029743415085528336,
            "count": 60
        },
        "Player.Policy.LearningRate.sum": {
            "value": 1.0703496432333339e-05,
            "min": 1.0703496432333339e-05,
            "max": 0.0014640354119881997,
            "count": 60
        },
        "Player.Policy.Epsilon.mean": {
            "value": 0.10071353333333333,
            "min": 0.10071353333333333,
            "max": 0.19914471666666667,
            "count": 60
        },
        "Player.Policy.Epsilon.sum": {
            "value": 0.5035676666666666,
            "min": 0.4432523666666667,
            "max": 0.9880118,
            "count": 60
        },
        "Player.Policy.Beta.mean": {
            "value": 4.560531333333336e-05,
            "min": 4.560531333333336e-05,
            "max": 0.004957321361666666,
            "count": 60
        },
        "Player.Policy.Beta.sum": {
            "value": 0.0002280265666666668,
            "min": 0.0002280265666666668,
            "max": 0.02440178882,
            "count": 60
        },
        "Player.IsTraining.mean": {
            "value": 1.0,
            "min": 1.0,
            "max": 1.0,
            "count": 60
        },
        "Player.IsTraining.sum": {
            "value": 1.0,
            "min": 1.0,
            "max": 1.0,
            "count": 60
        }
    },
    "metadata": {
        "timer_format_version": "0.1.0",
        "start_time_seconds": "1680578882",
        "python_version": "3.9.13 (tags/v3.9.13:6de2ca5, May 17 2022, 16:36:42) [MSC v.1929 64 bit (AMD64)]",
        "command_line_arguments": "C:\\Users\\User\\Documents\\Code\\Asteroids\\ML-Agents-Environment\\Scripts\\mlagents-learn config/Player.yaml",
        "mlagents_version": "0.30.0",
        "mlagents_envs_version": "0.30.0",
        "communication_protocol_version": "1.5.0",
        "pytorch_version": "1.7.1+cu110",
        "numpy_version": "1.21.2",
        "end_time_seconds": "1680601159"
    },
    "total": 22277.5341435,
    "count": 1,
    "self": 0.007725199997366872,
    "children": {
        "run_training.setup": {
            "total": 0.13147489999999995,
            "count": 1,
            "self": 0.13147489999999995
        },
        "TrainerController.start_learning": {
            "total": 22277.394943400002,
            "count": 1,
            "self": 47.42375789874495,
            "children": {
                "TrainerController._reset_env": {
                    "total": 26.7979556,
                    "count": 1,
                    "self": 26.7979556
                },
                "TrainerController.advance": {
                    "total": 22203.094253301257,
                    "count": 3003233,
                    "self": 45.66889160061328,
                    "children": {
                        "env_step": {
                            "total": 21341.517226099997,
                            "count": 3003233,
                            "self": 7536.351761698712,
                            "children": {
                                "SubprocessEnvManager._take_step": {
                                    "total": 13775.940270201889,
                                    "count": 3003233,
                                    "self": 134.66956910269437,
                                    "children": {
                                        "TorchPolicy.evaluate": {
                                            "total": 13641.270701099194,
                                            "count": 3000037,
                                            "self": 13641.270701099194
                                        }
                                    }
                                },
                                "workers": {
                                    "total": 29.22519419939643,
                                    "count": 3003233,
                                    "self": 0.0,
                                    "children": {
                                        "worker_root": {
                                            "total": 22177.828419799655,
                                            "count": 3003233,
                                            "is_parallel": true,
                                            "self": 16781.177949097848,
                                            "children": {
                                                "steps_from_proto": {
                                                    "total": 0.0004516000000016618,
                                                    "count": 1,
                                                    "is_parallel": true,
                                                    "self": 0.0001756999999997788,