{
    "name": "root",
    "gauges": {
        "Player.Policy.Entropy.mean": {
            "value": 2.357032060623169,
            "min": 2.3314766883850098,
            "max": 2.4686357975006104,
            "count": 10
        },
        "Player.Policy.Entropy.sum": {
            "value": 117740.8203125,
            "min": 116482.90625,
            "max": 123372.546875,
            "count": 10
        },
        "Player.Step.mean": {
            "value": 499940.0,
            "min": 49976.0,
            "max": 499940.0,
            "count": 10
        },
        "Player.Step.sum": {
            "value": 499940.0,
            "min": 49976.0,
            "max": 499940.0,
            "count": 10
        },
        "Player.Policy.ExtrinsicValueEstimate.mean": {
            "value": 97.80438232421875,
            "min": 13.5077543258667,
            "max": 97.80438232421875,
            "count": 10
        },
        "Player.Policy.ExtrinsicValueEstimate.sum": {
            "value": 77754.484375,
            "min": 11319.498046875,
            "max": 77754.484375,
            "count": 10
        },
        "Player.Environment.EpisodeLength.mean": {
            "value": 2115.0416666666665,
            "min": 422.8728813559322,
            "max": 2242.0454545454545,
            "count": 10
        },
        "Player.Environment.EpisodeLength.sum": {
            "value": 50761.0,
            "min": 47760.0,
            "max": 52115.0,
            "count": 10
        },
        "Player.Environment.CumulativeReward.mean": {
            "value": 2461.541474685073,
            "min": 273.8528321245784,
            "max": 2461.541474685073,
            "count": 10
        },
        "Player.Environment.CumulativeReward.sum": {
            "value": 59076.99539244175,
            "min": 32239.291588380715,
            "max": 59076.99539244175,
            "count": 10
        },
        "Player.Policy.ExtrinsicReward.mean": {
            "value": 2461.541474685073,
            "min": 273.8528321245784,
            "max": 2461.541474685073,
            "count": 10
        },
        "Player.Policy.ExtrinsicReward.sum": {
            "value": 59076.99539244175,
            "min": 32239.291588380715,
            "max": 59076.99539244175,
            "count": 10
        },
        "Player.Losses.PolicyLoss.mean": {
            "value": 0.02236321831633783,
            "min": 0.02236321831633783,
            "max": 0.026124131385586224,
            "count": 10
        },
        "Player.Losses.PolicyLoss.sum": {
            "value": 0.11181609158168916,
            "min": 0.0946410240814051,
            "max": 0.13062065692793112,
            "count": 10
        },
        "Player.Losses.ValueLoss.mean": {
            "value": 39.221194941202796,
            "min": 39.221194941202796,
            "max": 120.73239201863608,
            "count": 10
        },
        "Player.Losses.ValueLoss.sum": {
            "value": 196.10597470601397,
            "min": 196.10597470601397,
            "max": 603.6619600931804,
            "count": 10
        },
        "Player.Policy.LearningRate.mean": {
            "value": 1.656645447788e-05,
            "min": 1.656645447788e-05,
            "max": 0.00028456305514565,
            "count": 10
        },
        "Player.Policy.LearningRate.sum": {
            "value": 8.28322723894e-05,
            "min": 8.28322723894e-05,
            "max": 0.0012842064719311998,
            "count": 10
        },
        "Player.Policy.Epsilon.mean": {
            "value": 0.10552211999999998,
            "min": 0.10552211999999998,
            "max": 0.19485435,
            "count": 10
        },
        "Player.Policy.Epsilon.sum": {
            "value": 0.5276105999999999,
            "min": 0.5000702,
            "max": 0.9280687999999999,
            "count": 10
        },
        "Player.Policy.Beta.mean": {
            "value": 0.000285553788,
            "min": 0.000285553788,
            "max": 0.004743232065,
            "count": 10
        },
        "Player.Policy.Beta.sum": {
            "value": 0.00142776894,
            "min": 0.00142776894,
            "max": 0.02141063312,
            "count": 10
        },
        "Player.IsTraining.mean": {
            "value": 1.0,
            "min": 1.0,
            "max": 1.0,
            "count": 10
        },
        "Player.IsTraining.sum": {
            "value": 1.0,
            "min": 1.0,
            "max": 1.0,
            "count": 10
        }
    },
    "metadata": {
        "timer_format_version": "0.1.0",
        "start_time_seconds": "1680562985",
        "python_version": "3.9.13 (tags/v3.9.13:6de2ca5, May 17 2022, 16:36:42) [MSC v.1929 64 bit (AMD64)]",
        "command_line_arguments": "C:\\Users\\User\\Documents\\Code\\Asteroids\\ML-Agents-Environment\\Scripts\\mlagents-learn",
        "mlagents_version": "0.30.0",
        "mlagents_envs_version": "0.30.0",
        "communication_protocol_version": "1.5.0",
        "pytorch_version": "1.7.1+cu110",
        "numpy_version": "1.21.2",
        "end_time_seconds": "1680567206"
    },
    "total": 4221.7994364999995,
    "count": 1,
    "self": 0.016789199999948323,
    "children": {
        "run_training.setup": {
            "total": 0.035170900000000005,
            "count": 1,
            "self": 0.035170900000000005
        },
        "TrainerController.start_learning": {
            "total": 4221.7474764,
            "count": 1,
            "self": 8.714788500119539,
            "children": {
                "TrainerController._reset_env": {
                    "total": 13.104272199999999,
                    "count": 1,
                    "self": 13.104272199999999
                },
                "TrainerController.advance": {
                    "total": 4199.83758729988,
                    "count": 500500,
                    "self": 9.238939600243611,
                    "children": {
                        "env_step": {
                            "total": 4045.816433199821,
                            "count": 500500,
                            "self": 1683.5749513997157,
                            "children": {
                                "SubprocessEnvManager._take_step": {
                                    "total": 2356.7179347001047,
                                    "count": 500500,
                                    "self": 27.486259300141683,
                                    "children": {
                                        "TorchPolicy.evaluate": {
                                            "total": 2329.231675399963,
                                            "count": 500004,
                                            "self": 2329.231675399963
                                        }
                                    }
                                },
                                "workers": {
                                    "total": 5.523547100000608,
                                    "count": 500500,
                                    "self": 0.0,
                                    "children": {
                                        "worker_root": {
                                            "total": 4195.960106399928,
                                            "count": 500500,
                                            "is_parallel": true,
                                            "self": 2917.4521918000246,
                                            "children": {
                                                "steps_from_proto": {
                                                    "total": 0.00036869999999922243,
                                                    "count": 1,
                                                    "is_parallel": true,
                                                    "self": 0.0001993999999978513,